<?xml version="1.0" encoding="UTF-8"?>
<navigationModel
  ns = "http://schemas.android.com?import=com.android.tools.idea.editors.navigation.model.*">
  <locations  
    class = "java.util.ArrayList">
    <statePointEntry>
      <state      
        class = "com.android.tools.idea.editors.navigation.model.ActivityState"      
        className = "com.isil.am2.examplerest.MainActivity"/>
      <point      
        x = "1872"      
        y = "148"/>
    </statePointEntry>
    <statePointEntry>
      <state      
        class = "com.android.tools.idea.editors.navigation.model.ActivityState"      
        className = "com.isil.am2.examplerest.SignInActivity"/>
      <point      
        x = "900"      
        y = "204"/>
    </statePointEntry>
    <statePointEntry>
      <state      
        class = "com.android.tools.idea.editors.navigation.model.ActivityState"      
        className = "com.isil.am2.examplerest.LoginActivity"/>
      <point      
        x = "80"      
        y = "96"/>
    </statePointEntry>
  </locations>
</navigationModel>
